category,review
Отличное блюдо,Это блюдо превзошло все мои ожидания! Нежный вкус и изысканное сочетание специй сделали его незабываемым.
Отличное блюдо,"Я в восторге от этого блюда! Прекрасная подача, аромат и вкус были великолепными."
Отличное блюдо,"Это идеальный пример того, как простые ингредиенты могут создать шедевр. Еда буквально тает во рту."
Отличное блюдо,"Блюдо было настолько вкусным, что я не мог остановиться, пока всё не съел. Это настоящее произведение искусства."
Отличное блюдо,Каждый кусочек этого блюда дарил наслаждение. Прекрасное сочетание текстур и ароматов!
Отличное блюдо,"Пожалуй, это лучшее блюдо, которое я пробовал за последнее время. Браво шеф-повару!"
Отличное блюдо,"Блюдо было приготовлено идеально: сочное, ароматное и с восхитительным вкусом. Настоятельно рекомендую!"
Отличное блюдо,"Я получил настоящее удовольствие от этого блюда. Ингредиенты были свежими, а вкус – потрясающим."
Отличное блюдо,Настоящий праздник для вкусовых рецепторов! Блюдо великолепно сбалансировано и просто тает во рту.
Отличное блюдо,Изысканное блюдо с богатым вкусом. Оно стало настоящей изюминкой вечера.
Плохое блюдо,Блюдо оказалось пресным и безвкусным. Ожидал большего от такого известного ресторана.
Плохое блюдо,"К сожалению, это блюдо разочаровало. Оно было пересолено и имело неприятный привкус."
Плохое блюдо,"Порция была слишком маленькой, а вкус – ничем не примечательным. Деньги на ветер."
Плохое блюдо,"Мясо было пережарено, а гарнир напоминал вчерашние остатки. Очень разочарован."
Плохое блюдо,"Блюдо выглядело аппетитно, но на вкус оказалось совершенно безвкусным. Разочарование вечера."
Плохое блюдо,Качество ингредиентов оставляет желать лучшего. Это блюдо не стоит своих денег.
Плохое блюдо,"Еда была холодной, а обслуживание оставляло желать лучшего. Это явно не лучший ресторан."
Плохое блюдо,"Блюдо оказалось сырым, и это испортило всё впечатление. Не рекомендую."
Плохое блюдо,"Соус был слишком жидким, а основной ингредиент – слишком сухим. Неприятное сочетание."
Плохое блюдо,"На первый взгляд всё выглядело хорошо, но вкус полностью разочаровал. Я остался голодным."
